Date,S&P 500 1-Month Realized Volatility Index
1/31/2012,8.9
2/1/2012,9.3
2/2/2012,7.63
2/3/2012,9.14
2/6/2012,9.08
2/7/2012,9.07
2/8/2012,9.06
2/9/2012,8.55
2/10/2012,8.87
2/13/2012,9.14
2/14/2012,8.99
2/15/2012,9.1
2/16/2012,9.09
2/17/2012,8.96
2/21/2012,8.96
2/22/2012,9.03
2/23/2012,9.15
2/24/2012,8.66
2/27/2012,8.44
2/28/2012,8.51
2/29/2012,8.62
3/1/2012,8.88
3/2/2012,8.4
3/5/2012,8.5
3/6/2012,8.71
3/7/2012,9.03
3/8/2012,9.62
3/9/2012,9.67
3/12/2012,9.66
3/13/2012,11.23
3/14/2012,10.99
3/15/2012,11.18
3/16/2012,11.03
3/19/2012,10.45
3/20/2012,10.47
3/21/2012,10.48
3/22/2012,10.72
3/23/2012,10.67
3/26/2012,11.67
3/27/2012,11.71
3/28/2012,11.77
3/29/2012,11.67
3/30/2012,11.55
4/2/2012,11.78
4/3/2012,11.79
4/4/2012,11.08
4/5/2012,10.82
4/9/2012,11.02
4/10/2012,12.46
4/11/2012,12.73
4/12/2012,12.07
4/13/2012,12.82
4/16/2012,12.66
4/17/2012,13.73
4/18/2012,13.73
4/19/2012,13.85
4/20/2012,13.84
4/23/2012,13.92
4/24/2012,13.93
4/25/2012,13.91
4/26/2012,14.06
4/27/2012,13.98
4/30/2012,14.04
5/1/2012,14.11
5/2/2012,13.9
5/3/2012,14.09
5/4/2012,14.75
5/7/2012,14.75
5/8/2012,14.29
5/9/2012,13.19
5/10/2012,12.96
5/11/2012,12.12
5/14/2012,11.96
5/15/2012,12.13
5/16/2012,11
5/17/2012,12.11
5/18/2012,12.21
5/21/2012,13.39
5/22/2012,13.06
5/23/2012,13.02
5/24/2012,12.15
5/25/2012,11.95
5/29/2012,12.52
5/30/2012,13.41
5/31/2012,13.29
6/1/2012,15.83
6/4/2012,15.61
6/5/2012,14.68
6/6/2012,16.67
6/7/2012,16.61
6/8/2012,16.68
6/11/2012,17.23
6/12/2012,17.65
6/13/2012,17.39
6/14/2012,17.67
6/15/2012,17.96
6/18/2012,17.18
6/19/2012,17.33
6/20/2012,16.44
6/21/2012,18.19
6/22/2012,18.35
6/25/2012,19.17
6/26/2012,19.23
6/27/2012,19.1
6/28/2012,18.45
6/29/2012,20.31
7/2/2012,18.39
7/3/2012,18.52
7/5/2012,18.49
7/6/2012,17.03
7/9/2012,17.04
7/10/2012,17.05
7/11/2012,16.47
7/12/2012,16.07
7/13/2012,16.86
7/16/2012,16.47
7/17/2012,16.28
7/18/2012,16.43
7/19/2012,16.11
7/20/2012,16.48
7/23/2012,14.84
7/24/2012,14.97
7/25/2012,13.89
7/26/2012,14.92
7/27/2012,15.99
7/30/2012,15.98
7/31/2012,13.6
8/1/2012,13.61
8/2/2012,13.68
8/3/2012,15.07
8/6/2012,14.73
8/7/2012,14.83
8/8/2012,14.56
8/9/2012,14.56
8/10/2012,14.48
8/13/2012,13.33
8/14/2012,13.3
8/15/2012,13.06
8/16/2012,13.09
8/17/2012,13.07
8/20/2012,12.59
8/21/2012,12.26
8/22/2012,11.85
8/23/2012,12.18
8/24/2012,11
8/27/2012,8.84
8/28/2012,8.84
8/29/2012,8.72
8/30/2012,9.07
8/31/2012,8.88
9/4/2012,6.02
9/5/2012,5.98
9/6/2012,9.04
9/7/2012,9.15
9/10/2012,9.39
9/11/2012,9.43
9/12/2012,9.44
9/13/2012,10.98
9/14/2012,11.06
9/17/2012,10.84
9/18/2012,10.83
9/19/2012,10.83
9/20/2012,10.77
9/21/2012,10.77
9/24/2012,10.42
9/25/2012,10.82
9/26/2012,11
9/27/2012,11.49
9/28/2012,11.59
10/1/2012,11.31
10/2/2012,11.17
10/3/2012,11.24
10/4/2012,11.5
10/5/2012,9.12
10/8/2012,9.09
10/9/2012,9.48
10/10/2012,9.66
10/11/2012,9.64
10/12/2012,7.91
10/15/2012,8.27
10/16/2012,8.93
10/17/2012,9.03
10/18/2012,9.06
10/19/2012,10.75
10/22/2012,10.75
10/23/2012,11.85
10/24/2012,11.32
10/25/2012,11.19
10/26/2012,10.69
10/31/2012,10.58
11/1/2012,11.19
11/2/2012,11.65
11/5/2012,11.61
11/6/2012,11.66
11/7/2012,14.32
11/8/2012,14.89
11/9/2012,14.5
11/12/2012,14.34
11/13/2012,14.41
11/14/2012,15.16
11/15/2012,14.91
11/16/2012,14.58
11/19/2012,16.03
11/20/2012,16.01
11/21/2012,14.95
11/23/2012,15.61
11/26/2012,14.79
11/27/2012,14.86
11/28/2012,15.07
11/29/2012,15.14
11/30/2012,15.14
12/3/2012,14.76
12/4/2012,14.4
12/5/2012,14.39
12/6/2012,14.18
12/7/2012,11.54
12/10/2012,10.72
12/11/2012,10.94
12/12/2012,10.94
12/13/2012,11.08
12/14/2012,10.07
12/17/2012,10.85
12/18/2012,11.43
12/19/2012,9.55
12/20/2012,9.73
12/21/2012,10.24
12/24/2012,9.24
12/26/2012,9.36
12/27/2012,9.19
12/28/2012,9.59
12/31/2012,11.12
1/2/2013,14.11
1/3/2013,14.04
1/4/2013,14.12
1/7/2013,14.15
1/8/2013,14.15
1/9/2013,14.15
1/10/2013,14.39
1/11/2013,14.21
1/14/2013,14.21
1/15/2013,14.05
1/16/2013,13.97
1/17/2013,13.5
1/18/2013,12.96
1/22/2013,12.78
1/23/2013,12.65
1/24/2013,12.22
1/25/2013,12.34
1/28/2013,12.24
1/29/2013,12.36
1/30/2013,11.83
1/31/2013,10.33
2/1/2013,6.58
2/4/2013,7.68
2/5/2013,8.31
2/6/2013,8.24
2/7/2013,8.18
2/8/2013,8.36
2/11/2013,7.94
2/12/2013,7.96
2/13/2013,7.96
2/14/2013,7.95
2/15/2013,7.96
2/19/2013,8.12
2/20/2013,9.13
2/21/2013,9.26
2/22/2013,9.73
2/25/2013,11.65
2/26/2013,11.68
2/27/2013,12.46
2/28/2013,12.34
3/1/2013,12.29
3/4/2013,12.36
3/5/2013,12.32
3/6/2013,11.65
3/7/2013,11.1
3/8/2013,11.2
3/11/2013,11.24
3/12/2013,11.1
3/13/2013,11.11
3/14/2013,11.27
3/15/2013,11.28
3/18/2013,11.44
3/19/2013,11.46
3/20/2013,11.42
3/21/2013,10.95
3/22/2013,11.01
3/25/2013,10.65
3/26/2013,8.92
3/27/2013,8.67
3/28/2013,7.62
4/1/2013,7.77
4/2/2013,7.93
4/3/2013,8.59
4/4/2013,8.06
4/5/2013,8.19
4/8/2013,8.45
4/9/2013,8.39
4/10/2013,9.32
4/11/2013,9.36
4/12/2013,9.4
4/15/2013,12.22
4/16/2013,13.16
4/17/2013,13.95
4/18/2013,14.12
4/19/2013,14.26
4/22/2013,14.06
4/23/2013,14.3
4/24/2013,14.25
4/25/2013,14.06
4/26/2013,14.08
4/29/2013,14.22
4/30/2013,14.16
5/1/2013,14.42
5/2/2013,14.32
5/3/2013,14.7
5/6/2013,14.64
5/7/2013,14.59
5/8/2013,14.61
5/9/2013,14.05
5/10/2013,14.08
5/13/2013,14.04
5/14/2013,12.03
5/15/2013,11.12
5/16/2013,10.08
5/17/2013,10.43
5/20/2013,9.98
5/21/2013,9.86
5/22/2013,9.63
5/23/2013,9.68
5/24/2013,9.58
5/28/2013,9.81
5/29/2013,9.8
5/30/2013,9.85
5/31/2013,10.55
6/3/2013,10.25
6/4/2013,9.77
6/5/2013,10.87
6/6/2013,11.11
6/7/2013,11.87
6/10/2013,11.81
6/11/2013,12.23
6/12/2013,12.57
6/13/2013,13.1
6/14/2013,13.15
6/17/2013,13.29
6/18/2013,13.09
6/19/2013,13.95
6/20/2013,16.47
6/21/2013,16.24
6/24/2013,16.75
6/25/2013,17.07
6/26/2013,17.25
6/27/2013,17.2
6/28/2013,17.22
7/1/2013,16.59
7/2/2013,16.46
7/3/2013,16.35
7/5/2013,16.02
7/8/2013,15.85
7/9/2013,15.43
7/10/2013,15.43
7/11/2013,15.73
7/12/2013,15.49
7/15/2013,14.64
7/16/2013,14.56
7/17/2013,14.35
7/18/2013,14.2
7/19/2013,13.37
7/22/2013,10.11
7/23/2013,10.09
7/24/2013,9.25
7/25/2013,8.7
7/26/2013,8.05
7/29/2013,7.87
7/30/2013,7.73
7/31/2013,7.5
8/1/2013,8.65
8/2/2013,8.67
8/5/2013,7.94
8/6/2013,7.98
8/7/2013,7.69
8/8/2013,7.81
8/9/2013,6.38
8/12/2013,6.31
8/13/2013,6.36
8/14/2013,6.49
8/15/2013,8.12
8/16/2013,8.02
8/19/2013,8.26
8/20/2013,8.33
8/21/2013,8.55
8/22/2013,8.95
8/23/2013,9.01
8/26/2013,9.11
8/27/2013,10.59
8/28/2013,10.63
8/29/2013,10.65
8/30/2013,9.8
9/3/2013,9.89
9/4/2013,10.27
9/5/2013,10.08
9/6/2013,9.99
9/9/2013,10.48
9/10/2013,10.71
9/11/2013,10.76
9/12/2013,10.78
9/13/2013,10.67
9/16/2013,9.64
9/17/2013,9.68
9/18/2013,10.35
9/19/2013,10.28
9/20/2013,10.39
9/23/2013,10.09
9/24/2013,10.04
9/25/2013,9.99
9/26/2013,8.39
9/27/2013,8.46
9/30/2013,8.69
10/1/2013,9.05
10/2/2013,8.94
10/3/2013,9.04
10/4/2013,9.36
10/7/2013,9.81
10/8/2013,10.15
10/9/2013,9.83
10/10/2013,12.3
10/11/2013,12.44
10/14/2013,12.48
10/15/2013,12.57
10/16/2013,13.36
10/17/2013,12.9
10/18/2013,13.08
10/21/2013,12.84
10/22/2013,12.88
10/23/2013,12.96
10/24/2013,12.97
10/25/2013,13
10/28/2013,12.94
10/29/2013,12.91
10/30/2013,12.72
10/31/2013,12.79
11/1/2013,12.44
11/4/2013,12.27
11/5/2013,11.94
11/6/2013,11.24
11/7/2013,12.14
11/8/2013,10.62
11/11/2013,10.4
11/12/2013,10.34
11/13/2013,10.42
11/14/2013,9.42
11/15/2013,9.25
11/18/2013,9.06
11/19/2013,9.08
11/20/2013,8.95
11/21/2013,9.24
11/22/2013,9.33
11/25/2013,9.21
11/26/2013,9.2
11/27/2013,9.04
11/29/2013,8.88
12/2/2013,8.83
12/3/2013,8.85
12/4/2013,8.77
12/5/2013,8.85
12/6/2013,9.54
12/9/2013,8.39
12/10/2013,7.09
12/11/2013,8.1
12/12/2013,8.17
12/13/2013,7.67
12/16/2013,7.8
12/17/2013,7.74
12/18/2013,9.54
12/19/2013,9.51
12/20/2013,9.57
12/23/2013,9.34
12/24/2013,9.23
12/26/2013,9.37
12/27/2013,9.37
12/30/2013,9.33
12/31/2013,9.43
1/2/2014,9.87
1/3/2014,9.81
1/6/2014,9.84
1/7/2014,9.95
1/8/2014,9.16
1/9/2014,9.14
1/10/2014,9.11
1/13/2014,9.31
1/14/2014,9.94
1/15/2014,10.1
1/16/2014,9.87
1/17/2014,9.91
1/21/2014,8.15
1/22/2014,8.15
1/23/2014,8.55
1/24/2014,11.1
1/27/2014,11.18
1/28/2014,11.26
1/29/2014,11.81
1/30/2014,12.43
1/31/2014,12.56
2/3/2014,14.57
2/4/2014,14.81
2/5/2014,14.8
2/6/2014,15.26
2/7/2014,15.93
2/10/2014,15.94
2/11/2014,16.37
2/12/2014,15.77
2/13/2014,15.46
2/14/2014,15.44
2/18/2014,15.44
2/19/2014,15.55
2/20/2014,15.66
2/21/2014,15.67
2/24/2014,15.51
2/25/2014,13.69
2/26/2014,13.58
2/27/2014,13.52
2/28/2014,13.08
3/3/2014,12.76
3/4/2014,13.61
3/5/2014,11.01
3/6/2014,10.71
3/7/2014,10.68
3/10/2014,9.79
3/11/2014,8.83
3/12/2014,8.82
3/13/2014,8.93
3/14/2014,8.99
3/17/2014,9.37
3/18/2014,9.55
3/19/2014,9.77
3/20/2014,9.73
3/21/2014,9.56
3/24/2014,9.69
3/25/2014,9.57
3/26/2014,9.86
3/27/2014,9.89
3/28/2014,9.87
3/31/2014,10.19
4/1/2014,10.16
4/2/2014,8.76
4/3/2014,8.77
4/4/2014,9.78
4/7/2014,10.47
4/8/2014,10.55
4/9/2014,11.06
4/10/2014,13.26
4/11/2014,13.04
4/14/2014,13.31
4/15/2014,13.1
4/16/2014,13.36
4/17/2014,13.19
4/21/2014,13.09
4/22/2014,13.13
4/23/2014,13.04
4/24/2014,12.97
4/25/2014,13.05
4/28/2014,13.08
4/29/2014,13.08
4/30/2014,12.84
5/1/2014,12.6
5/2/2014,12.57
5/5/2014,12.58
5/6/2014,12.21
5/7/2014,11.78
5/8/2014,11.72
5/9/2014,11.11
5/12/2014,9.01
5/13/2014,8.38
5/14/2014,8.05
5/15/2014,8.37
5/16/2014,7.66
5/19/2014,7.76
5/20/2014,7.97
5/21/2014,8.33
5/22/2014,8.34
5/23/2014,8.44
5/27/2014,8.22
5/28/2014,8.16
5/29/2014,8.2
5/30/2014,8.16
6/2/2014,8.16
6/3/2014,8.15
6/4/2014,8.15
6/5/2014,7.86
6/6/2014,7.78
6/9/2014,7.77
6/10/2014,7.76
6/11/2014,7.11
6/12/2014,7.52
6/13/2014,7.42
6/16/2014,6.68
6/17/2014,6.59
6/18/2014,6.98
6/19/2014,6.62
6/20/2014,6.03
6/23/2014,5.98
6/24/2014,6.21
6/25/2014,6.1
6/26/2014,6.1
6/27/2014,5.85
6/30/2014,5.81
7/1/2014,6.25
7/2/2014,6.25
7/3/2014,6.5
7/7/2014,6.25
7/8/2014,6.52
7/9/2014,6.7
7/10/2014,6.85
7/11/2014,6.76
7/14/2014,6.52
7/15/2014,6.46
7/16/2014,6.62
7/17/2014,7.76
7/18/2014,8.1
7/21/2014,8.13
7/22/2014,8.29
7/23/2014,8.31
7/24/2014,8.01
7/25/2014,8.01
7/28/2014,8
7/29/2014,8.12
7/30/2014,8.12
7/31/2014,10.47
8/1/2014,10.51
8/4/2014,10.63
8/5/2014,11.07
8/6/2014,10.8
8/7/2014,10.85
8/8/2014,11.47
8/11/2014,11.49
8/12/2014,11.39
8/13/2014,11.6
8/14/2014,11.61
8/15/2014,10.85
8/18/2014,10.67
8/19/2014,10.78
8/20/2014,10.67
8/21/2014,10.7
8/22/2014,10.72
8/25/2014,10.72
8/26/2014,10.73
8/27/2014,10.61
8/28/2014,10.63
8/29/2014,8.08
9/2/2014,8.02
9/3/2014,7.63
9/4/2014,6.87
9/5/2014,7.09
9/8/2014,6.9
9/9/2014,6.08
9/10/2014,6.14
9/11/2014,6.12
9/12/2014,6.03
9/15/2014,5.85
9/16/2014,6.39
9/17/2014,5.69
9/18/2014,5.68
9/19/2014,5.62
9/22/2014,6.19
9/23/2014,6.47
9/24/2014,6.81
9/25/2014,8.84
9/26/2014,9.32
9/29/2014,9.35
9/30/2014,9.33
10/1/2014,10.41
10/2/2014,10.4
10/3/2014,11.08
10/6/2014,10.95
10/7/2014,12.11
10/8/2014,13.32
10/9/2014,15.11
10/10/2014,15.62
10/13/2014,16.52
10/14/2014,16.53
10/15/2014,16.56
10/16/2014,16.56
10/17/2014,17.06
10/20/2014,17.35
10/21/2014,18.39
10/22/2014,18.46
10/23/2014,18.74
10/24/2014,18.04
10/27/2014,17.8
10/28/2014,18.25
10/29/2014,18.23
10/30/2014,17.76
10/31/2014,18.22
11/3/2014,17.81
11/4/2014,17.83
11/5/2014,17.14
11/6/2014,16.11
11/7/2014,14.39
11/10/2014,13.87
11/11/2014,12.63
11/12/2014,12.62
11/13/2014,12.3
11/14/2014,12.3
11/17/2014,11.47
11/18/2014,11.17
11/19/2014,8.95
11/20/2014,8.61
11/21/2014,7.71
11/24/2014,7.38
11/25/2014,7.37
11/26/2014,6.19
11/28/2014,6.24
12/1/2014,6.32
12/2/2014,5.33
12/3/2014,5.49
12/4/2014,5.42
12/5/2014,5.08
12/8/2014,5.52
12/9/2014,5.52
12/10/2014,7.87
12/11/2014,8.02
12/12/2014,9.81
12/15/2014,10.06
12/16/2014,10.48
12/17/2014,12.59
12/18/2014,14.93
12/19/2014,15
12/22/2014,15.05
12/23/2014,14.95
12/24/2014,14.92
12/26/2014,14.96
12/29/2014,14.93
12/30/2014,15
12/31/2014,15.24
1/2/2015,15.08
1/5/2015,16.32
1/6/2015,16.61
1/7/2015,17.08
1/8/2015,17.97
1/9/2015,18.21
1/12/2015,17.52
1/13/2015,17.47
1/14/2015,16.65
1/15/2015,16.81
1/16/2015,17.18
1/20/2015,15.71
1/21/2015,13.49
1/22/2015,14.39
1/23/2015,14.45
1/26/2015,14.47
1/27/2015,15.2
1/28/2015,15.87
1/29/2015,16.21
1/30/2015,16.74
2/2/2015,16.95
2/3/2015,17.66
2/4/2015,16.53
2/5/2015,16.62
2/6/2015,16.18
2/9/2015,15.04
2/10/2015,15.2
2/11/2015,14.94
2/12/2015,15.28
2/13/2015,15.21
2/17/2015,14.88
2/18/2015,14.14
2/19/2015,14.13
2/20/2015,14.2
2/23/2015,13.19
2/24/2015,13.09
2/25/2015,13.06
2/26/2015,12.21
2/27/2015,11.31
3/2/2015,11.03
3/3/2015,10.18
3/4/2015,9.27
3/5/2015,7.84
3/6/2015,9.16
3/9/2015,8.55
3/10/2015,10.34
3/11/2015,10.25
3/12/2015,10.51
3/13/2015,10.72
3/16/2015,11.2
3/17/2015,11.17
3/18/2015,11.92
3/19/2015,12.04
3/20/2015,12.43
3/23/2015,12.26
3/24/2015,12.45
3/25/2015,13.41
3/26/2015,13.43
3/27/2015,13.45
3/30/2015,14.05
3/31/2015,14.23
4/1/2015,14.21
4/2/2015,14.18
4/6/2015,14.35
4/7/2015,13.49
4/8/2015,13.46
4/9/2015,12.18
4/10/2015,12.29
4/13/2015,11.61
4/14/2015,11.43
4/15/2015,10.59
4/16/2015,10.53
4/17/2015,10.43
4/20/2015,10.78
4/21/2015,10.33
4/22/2015,10.46
4/23/2015,10.28
4/24/2015,8.97
4/27/2015,9.04
4/28/2015,9.06
4/29/2015,8.12
4/30/2015,8.31
5/1/2015,9.02
5/4/2015,8.99
5/5/2015,9.63
5/6/2015,9.72
5/7/2015,9.77
5/8/2015,10.7
5/11/2015,10.69
5/12/2015,10.62
5/13/2015,10.61
5/14/2015,11.1
5/15/2015,11.1
5/18/2015,10.43
5/19/2015,9.93
5/20/2015,9.93
5/21/2015,9.8
5/22/2015,9.8
5/26/2015,10.4
5/27/2015,10.78
5/28/2015,10.74
5/29/2015,10.89
6/1/2015,10.33
6/2/2015,9.62
6/3/2015,9.6
6/4/2015,9.17
6/5/2015,9.05
6/8/2015,9.24
6/9/2015,7.99
6/10/2015,8.83
6/11/2015,8.79
6/12/2015,9.12
6/15/2015,8.48
6/16/2015,8.7
6/17/2015,8.67
6/18/2015,9.31
6/19/2015,9.49
6/22/2015,9.68
6/23/2015,9.65
6/24/2015,9.32
6/25/2015,8.83
6/26/2015,8.82
6/29/2015,11.24
6/30/2015,11.26
7/1/2015,11.5
7/2/2015,11.48
7/6/2015,11.16
7/7/2015,11.35
7/8/2015,12.55
7/9/2015,12.57
7/10/2015,12.61
7/13/2015,13.16
7/14/2015,13.02
7/15/2015,12.93
7/16/2015,13.07
7/17/2015,13.06
7/20/2015,12.61
7/21/2015,12.56
7/22/2015,12.41
7/23/2015,12.56
7/24/2015,12.85
7/27/2015,12.97
7/28/2015,13.65
7/29/2015,11.81
7/30/2015,11.77
7/31/2015,11.55
8/3/2015,11.59
8/4/2015,11.54
8/5/2015,11.4
8/6/2015,10.16
8/7/2015,10.18
8/10/2015,10.25
8/11/2015,10.08
8/12/2015,9.97
8/13/2015,9.97
8/14/2015,9.68
8/17/2015,9.84
8/18/2015,9.88
8/19/2015,10.18
8/20/2015,12.55
8/21/2015,16.71
8/24/2015,21.43
8/25/2015,21.86
8/26/2015,25.21
8/27/2015,26.42
8/28/2015,26.42
8/31/2015,26.57
9/1/2015,28.52
9/2/2015,29.19
9/3/2015,29.18
9/4/2015,29.54
9/8/2015,30.74
9/9/2015,30.81
9/10/2015,30.69
9/11/2015,30.72
9/14/2015,30.75
9/15/2015,31.04
9/16/2015,31.13
9/17/2015,31.13
9/18/2015,31.51
9/21/2015,30.67
9/22/2015,28.87
9/23/2015,25.29
9/24/2015,24.88
9/25/2015,21.05
9/28/2015,21.33
9/29/2015,21.33
9/30/2015,22.12
10/1/2015,19.54
10/2/2015,19.15
10/5/2015,20.15
10/6/2015,19.46
10/7/2015,17.69
10/8/2015,17.28
10/9/2015,17.18
10/12/2015,17.12
10/13/2015,17.22
10/14/2015,16.73
10/15/2015,17.23
10/16/2015,17.28
10/19/2015,16.33
10/20/2015,16.26
10/21/2015,15.82
10/22/2015,16.8
10/23/2015,17.19
10/26/2015,17.2
10/27/2015,14.68
10/28/2015,15.23
10/29/2015,13.75
10/30/2015,13.83
11/2/2015,13.56
11/3/2015,12.06
11/4/2015,12.05
11/5/2015,11.74
11/6/2015,11.34
11/9/2015,11.84
11/10/2015,11.84
11/11/2015,11.66
11/12/2015,12.53
11/13/2015,12.09
11/16/2015,13.04
11/17/2015,13.04
11/18/2015,14.17
11/19/2015,14.03
11/20/2015,12.88
11/23/2015,12.31
11/24/2015,12.3
11/25/2015,12.27
11/27/2015,11.58
11/30/2015,11.69
12/1/2015,12.14
12/2/2015,12.05
12/3/2015,13.02
12/4/2015,14.75
12/7/2015,14.94
12/8/2015,15.11
12/9/2015,14.97
12/10/2015,14.98
12/11/2015,16.41
12/14/2015,15.75
12/15/2015,15.69
12/16/2015,15.65
12/17/2015,16.5
12/18/2015,16.74
12/21/2015,16.94
12/22/2015,17.16
12/23/2015,17.68
12/24/2015,17.69
12/28/2015,17.7
12/29/2015,18.08
12/30/2015,18.18
12/31/2015,18.1
1/4/2016,18.48
1/5/2016,17.8
1/6/2016,16.98
1/7/2016,18.75
1/8/2016,18.99
1/11/2016,18.8
1/12/2016,18.97
1/13/2016,19.76
1/14/2016,20.51
1/15/2016,21.55
1/19/2016,20.97
1/20/2016,20.71
1/21/2016,19.83
1/22/2016,20.84
1/25/2016,21.33
1/26/2016,21.46
1/27/2016,21.78
1/28/2016,21.85
1/29/2016,23.15
2/1/2016,23.01
2/2/2016,23.7
2/3/2016,23.16
2/4/2016,23.15
2/5/2016,23.6
2/8/2016,22.63
2/9/2016,22.32
2/10/2016,22.32
2/11/2016,22.56
2/12/2016,21.85
2/16/2016,21.83
2/17/2016,21.25
2/18/2016,21.31
2/19/2016,20.92
2/22/2016,21.42
2/23/2016,20.72
2/24/2016,20.05
2/25/2016,19.84
2/26/2016,19.48
2/29/2016,19.6
3/1/2016,19.47
3/2/2016,19.52
3/3/2016,18.42
3/4/2016,18.38
3/7/2016,18.37
3/8/2016,17.64
3/9/2016,17.02
3/10/2016,17.02
3/11/2016,17.93
3/14/2016,17.42
3/15/2016,16.09
3/16/2016,15.18
3/17/2016,14.27
3/18/2016,14.26
3/21/2016,14.26
3/22/2016,13.37
3/23/2016,12.84
3/24/2016,12.75
3/28/2016,12.13
3/29/2016,12.49
3/30/2016,12.26
3/31/2016,9.17
4/1/2016,9.32
4/4/2016,9.3
4/5/2016,9.89
4/6/2016,10.53
4/7/2016,10.62
4/8/2016,10.52
4/11/2016,10.57
4/12/2016,9.54
4/13/2016,10.14
4/14/2016,10.12
4/15/2016,9.94
4/18/2016,9.93
4/19/2016,9.87
4/20/2016,9.87
4/21/2016,10.03
4/22/2016,9.78
4/25/2016,9.8
4/26/2016,9.82
4/27/2016,9.36
4/28/2016,9.78
4/29/2016,9.91
5/2/2016,10.03
5/3/2016,10.42
5/4/2016,10.02
5/5/2016,9.34
5/6/2016,8.43
5/9/2016,8.37
5/10/2016,9.36
5/11/2016,9.36
5/12/2016,8.7
5/13/2016,9.19
5/16/2016,9.78
5/17/2016,10.06
5/18/2016,10.01
5/19/2016,10.09
5/20/2016,10.14
5/23/2016,10.17
5/24/2016,11.18
5/25/2016,11.42
5/26/2016,11.41
5/27/2016,11.05
5/31/2016,10.91
6/1/2016,10.58
6/2/2016,10.19
6/3/2016,10.03
6/6/2016,10.17
6/7/2016,10.12
6/8/2016,10.18
6/9/2016,9.25
6/10/2016,9.2
6/13/2016,9.62
6/14/2016,9.18
6/15/2016,8.56
6/16/2016,7.99
6/17/2016,8.06
6/20/2016,8.21
6/21/2016,8
6/22/2016,7.99
6/23/2016,7.92
6/24/2016,14.75
6/27/2016,16.05
6/28/2016,17.11
6/29/2016,18.08
6/30/2016,18.66
7/1/2016,18.65
7/5/2016,18.78
7/6/2016,18.79
7/7/2016,18.79
7/8/2016,19.47
7/11/2016,19.5
7/12/2016,19.39
7/13/2016,19.18
7/14/2016,19.26
7/15/2016,19.25
7/18/2016,19.24
7/19/2016,19.21
7/20/2016,19.16
7/21/2016,19.18
7/22/2016,19.23
7/25/2016,18.71
7/26/2016,13.76
7/27/2016,12.23
7/28/2016,10.61
7/29/2016,8.87
8/1/2016,7.55
8/2/2016,7.84
8/3/2016,7.55
8/4/2016,7.32
8/5/2016,7.89
8/8/2016,5.91
8/9/2016,5.79
8/10/2016,5.35
8/11/2016,5.6
8/12/2016,5.3
8/15/2016,5.38
8/16/2016,5.64
8/17/2016,5.66
8/18/2016,5.52
8/19/2016,5.4
8/22/2016,5.16
8/23/2016,5.1
8/24/2016,5.42
8/25/2016,5.42
8/26/2016,5.42
8/29/2016,5.69
8/30/2016,5.71
8/31/2016,5.33
9/1/2016,5.22
9/2/2016,5.41
9/6/2016,4.64
9/7/2016,4.63
9/8/2016,4.7
9/9/2016,9.75
9/12/2016,10.86
9/13/2016,12.02
9/14/2016,11.99
9/15/2016,12.34
9/16/2016,12.39
9/19/2016,12.37
9/20/2016,12.36
9/21/2016,12.91
9/22/2016,13.09
9/23/2016,13.12
9/26/2016,13.44
9/27/2016,13.62
9/28/2016,13.62
9/29/2016,13.98
9/30/2016,14.23
10/3/2016,14.27
10/4/2016,14.3
10/5/2016,14.34
10/6/2016,14.34
10/7/2016,14.37
10/10/2016,11.62
10/11/2016,11.33
10/12/2016,10.08
10/13/2016,10.14
10/14/2016,9.52
10/17/2016,9.49
10/18/2016,9.72
10/19/2016,9.75
10/20/2016,9.01
10/21/2016,8.73
10/24/2016,8.65
10/25/2016,8.23
10/26/2016,7.94
10/27/2016,7.8
10/28/2016,7.17
10/31/2016,6.63
11/1/2016,6.94
11/2/2016,7.1
11/3/2016,7.11
11/4/2016,7.13
11/7/2016,10.37
11/8/2016,10.33
11/9/2016,10.12
11/10/2016,10.14
11/11/2016,10.09
11/14/2016,10.09
11/15/2016,10.36
11/16/2016,10.16
11/17/2016,10.26
11/18/2016,10.28
11/21/2016,10.6
11/22/2016,10.49
11/23/2016,10.42
11/25/2016,10.49
11/28/2016,10.59
11/29/2016,10.55
11/30/2016,10.59
12/1/2016,10.39
12/2/2016,10.14
12/5/2016,10.23
12/6/2016,10.28
12/7/2016,8.26
12/8/2016,8.19
12/9/2016,7.53
12/12/2016,7.51
12/13/2016,7.83
12/14/2016,8.32
12/15/2016,8.02
12/16/2016,8.03
12/19/2016,7.89
12/20/2016,7.95
12/21/2016,7.57
12/22/2016,7.56
12/23/2016,7.56
12/27/2016,7.48
12/28/2016,7.82
12/29/2016,7.8
12/30/2016,7.92
1/3/2017,8.35
1/4/2017,8.58
1/5/2017,8.35
1/6/2017,8.35
1/9/2017,7.12
1/10/2017,7.08
1/11/2017,6.85
1/12/2017,6.88
1/13/2017,6.53
1/17/2017,5.98
1/18/2017,5.86
1/19/2017,5.96
1/20/2017,6.03
1/23/2017,5.97
1/24/2017,6.33
1/25/2017,6.88
1/26/2017,6.87
1/27/2017,6.83
1/30/2017,6.53
1/31/2017,6.53
2/1/2017,6.33
2/2/2017,5.62
2/3/2017,5.83
2/6/2017,5.87
2/7/2017,5.74
2/8/2017,5.61
2/9/2017,5.95
2/10/2017,6
2/13/2017,6.22
2/14/2017,6.35
2/15/2017,6.49
2/16/2017,6.47
2/17/2017,6.38
2/21/2017,6.61
2/22/2017,6.55
2/23/2017,6.15
2/24/2017,5.52
2/27/2017,5.52
2/28/2017,5.58
3/1/2017,7
3/2/2017,7.28
3/3/2017,7.28
3/6/2017,7.37
3/7/2017,7
3/8/2017,7.01
3/9/2017,7.01
3/10/2017,7.1
3/13/2017,6.82
3/14/2017,6.81
3/15/2017,7.17
3/16/2017,7.06
3/17/2017,6.86
3/20/2017,6.89
3/21/2017,8.11
3/22/2017,7.86
3/23/2017,7.86
3/24/2017,7.87
3/27/2017,7.86
3/28/2017,8.24
3/29/2017,8.2
3/30/2017,6.79
3/31/2017,6.53
4/3/2017,6.55
4/4/2017,6.45
4/5/2017,6.46
4/6/2017,6.45
4/7/2017,6.45
4/10/2017,6.35
4/11/2017,6.37
4/12/2017,6.4
4/13/2017,6.18
4/17/2017,6.83
4/18/2017,6.89
4/19/2017,6.88
4/20/2017,5.95
4/21/2017,6.01
4/24/2017,7.07
4/25/2017,7.37
4/26/2017,7.36
4/27/2017,6.93
4/28/2017,6.95
5/1/2017,6.9
5/2/2017,6.87
5/3/2017,6.86
5/4/2017,6.86
5/5/2017,6.92
5/8/2017,6.89
5/9/2017,6.89
5/10/2017,6.9
5/11/2017,6.92
5/12/2017,6.82
5/15/2017,6.6
5/16/2017,5.9
5/17/2017,8.61
5/18/2017,8.69
5/19/2017,8.61
5/22/2017,8.73
5/23/2017,7.91
5/24/2017,7.68
5/25/2017,7.83
5/26/2017,7.83
5/30/2017,7.81
5/31/2017,7.79
6/1/2017,8.2
6/2/2017,8.29
6/5/2017,8.3
6/6/2017,8.24
6/7/2017,8.25
6/8/2017,8.25
6/9/2017,8.24
6/12/2017,8.22
6/13/2017,8.35
6/14/2017,8.19
6/15/2017,8.22
6/16/2017,5.22
6/19/2017,5.82
6/20/2017,5.82
6/21/2017,5.54
6/22/2017,5.51
6/23/2017,5.47
6/26/2017,5.25
6/27/2017,5.95
6/28/2017,6.67
6/29/2017,7.31
6/30/2017,6.84
7/3/2017,6.77
7/5/2017,6.78
7/6/2017,7.46
7/7/2017,7.76
7/10/2017,7.77
7/11/2017,7.77
7/12/2017,8.16
7/13/2017,8.03
7/14/2017,8.19
7/17/2017,8.15
7/18/2017,8.15
7/19/2017,7.85
7/20/2017,7.5
7/21/2017,7.49
7/24/2017,7.5
7/25/2017,7.55
7/26/2017,7.55
7/27/2017,7.02
7/28/2017,6.34
7/31/2017,5.6
8/1/2017,5.64
8/2/2017,5.58
8/3/2017,5.61
8/4/2017,4.61
8/7/2017,4.09
8/8/2017,4.16
8/9/2017,4.15
8/10/2017,6.03
8/11/2017,6.01
8/14/2017,6.75
8/15/2017,6.75
8/16/2017,6.77
8/17/2017,8.45
8/18/2017,8.47
8/21/2017,8.48
8/22/2017,9.14
8/23/2017,9.16
8/24/2017,9.19
8/25/2017,9.2
8/28/2017,9.19
8/29/2017,9.19
8/30/2017,9.29
8/31/2017,9.5
9/1/2017,9.49
9/5/2017,9.83
9/6/2017,9.87
9/7/2017,9.83
9/8/2017,9.85
9/11/2017,9.24
9/12/2017,9.3
9/13/2017,8.64
9/14/2017,8.65
9/15/2017,8.66
9/18/2017,6.79
9/19/2017,6.77
9/20/2017,6.77
9/21/2017,5.93
9/22/2017,5.81
9/25/2017,5.82
9/26/2017,5.79
9/27/2017,5.96
9/28/2017,5.96
9/29/2017,5.89
10/2/2017,5.7
10/3/2017,5.71
10/4/2017,5.09
10/5/2017,5.34
10/6/2017,5.36
10/9/2017,5.37
10/10/2017,3.94
10/11/2017,3.81
10/12/2017,3.85
10/13/2017,3.84
10/16/2017,3.84
10/17/2017,3.81
10/18/2017,3.8
10/19/2017,3.8
10/20/2017,4.05
10/23/2017,4.27
10/24/2017,4.24
10/25/2017,4.54
10/26/2017,4.34
10/27/2017,5.14
10/30/2017,5.1
10/31/2017,4.93
11/1/2017,4.9
11/2/2017,4.88
11/3/2017,4.6
11/6/2017,4.61
11/7/2017,4.57
11/8/2017,4.52
11/9/2017,4.67
11/10/2017,4.64
11/13/2017,4.64
11/14/2017,4.67
11/15/2017,5.05
11/16/2017,5.78
11/17/2017,5.85
11/20/2017,5.59
11/21/2017,5.87
11/22/2017,5.85
11/24/2017,5.67
11/27/2017,5.65
11/28/2017,5.98
11/29/2017,5.87
11/30/2017,6.51
12/1/2017,6.53
12/4/2017,6.54
12/5/2017,6.58
12/6/2017,6.56
12/7/2017,6.64
12/8/2017,6.89
12/11/2017,6.85
12/12/2017,6.87
12/13/2017,6.86
12/14/2017,6.96
12/15/2017,7.37
12/18/2017,7.05
12/19/2017,7.08
12/20/2017,7.08
12/21/2017,6.74
12/22/2017,6.74
12/26/2017,6.71
12/27/2017,6.71
12/28/2017,5.83
12/29/2017,6.1
1/2/2018,6.11
1/3/2018,6.46
1/4/2018,6.6
1/5/2018,6.91
1/8/2018,6.94
1/9/2018,6.88
1/10/2018,6.62
1/11/2018,6.96
1/12/2018,7.32
1/16/2018,7.42
1/17/2018,7.98
1/18/2018,7.38
1/19/2018,7.3
1/22/2018,7.73
1/23/2018,7.76
1/24/2018,7.73
1/25/2018,7.73
1/26/2018,8.74
1/29/2018,9.04
1/30/2018,9.78
1/31/2018,9.62
2/1/2018,9.18
2/2/2018,11.6
2/5/2018,18.51
2/6/2018,19.31
2/7/2018,19.38
2/8/2018,23.47
2/9/2018,24.02
2/12/2018,24.37
2/13/2018,24.28
2/14/2018,24.68
2/15/2018,24.82
2/16/2018,24.81
2/20/2018,24.85
2/21/2018,24.77
2/22/2018,24.76
2/23/2018,25.36
2/26/2018,25.68
2/27/2018,25.74
2/28/2018,25.92
3/1/2018,26.06
3/2/2018,26.12
3/5/2018,26.4
3/6/2018,25.35
3/7/2018,20.79
3/8/2018,19.97
3/9/2018,20.77
3/12/2018,16
3/13/2018,15.31
3/14/2018,14.68
3/15/2018,14.66
3/16/2018,13.92
3/19/2018,14.18
3/20/2018,14.19
3/21/2018,14.06
3/22/2018,16.49
3/23/2018,18.05
3/26/2018,19.53
3/27/2018,20.04
3/28/2018,19.57
3/29/2018,19.76
4/2/2018,20.74
4/3/2018,21.12
4/4/2018,21.15
4/5/2018,21.26
4/6/2018,22.61
4/9/2018,22.58
4/10/2018,22.53
4/11/2018,22.6
4/12/2018,22.67
4/13/2018,22.61
4/16/2018,22.78
4/17/2018,23.07
4/18/2018,22.53
4/19/2018,22.61
4/20/2018,22.8
4/23/2018,21.02
4/24/2018,20.24
4/25/2018,18
4/26/2018,17.33
4/27/2018,17.31
4/30/2018,16.89
5/1/2018,14.99
5/2/2018,14.57
5/3/2018,14.03
5/4/2018,14.52
5/7/2018,12.38
5/8/2018,12.33
5/9/2018,11.4
5/10/2018,11.7
5/11/2018,11.36
5/14/2018,11.32
5/15/2018,11.22
5/16/2018,10.7
5/17/2018,10.7
5/18/2018,10.55
5/21/2018,10.44
5/22/2018,10.5
5/23/2018,9.47
5/24/2018,9.47
5/25/2018,8.8
5/29/2018,9.67
5/30/2018,10.23
5/31/2018,10.46
6/1/2018,10.83
6/4/2018,10.91
6/5/2018,9.98
6/6/2018,10.34
6/7/2018,10.34
6/8/2018,9.85
6/11/2018,9.31
6/12/2018,9.31
6/13/2018,9.41
6/14/2018,9.14
6/15/2018,9.04
6/18/2018,9.07
6/19/2018,9.13
6/20/2018,8.79
6/21/2018,8.99
6/22/2018,8.95
6/25/2018,10.12
6/26/2018,10.12
6/27/2018,9.75
6/28/2018,8.97
6/29/2018,8.65
7/2/2018,7.88
7/3/2018,7.91
7/5/2018,8.45
7/6/2018,8.44
7/9/2018,8.97
7/10/2018,8.98
7/11/2018,9.31
7/12/2018,9.77
7/13/2018,9.67
7/16/2018,9.64
7/17/2018,9.73
7/18/2018,9.73
7/19/2018,9.73
7/20/2018,9.72
7/23/2018,9.49
7/24/2018,9.61
7/25/2018,8.9
7/26/2018,8.93
7/27/2018,8.72
7/30/2018,8.68
7/31/2018,8.84
8/1/2018,8.79
8/2/2018,8.78
8/3/2018,8.42
8/6/2018,7.99
8/7/2018,7.45
8/8/2018,7.35
8/9/2018,6.95
8/10/2018,6.73
8/13/2018,6.86
8/14/2018,7.2
8/15/2018,7.54
8/16/2018,7.99
8/17/2018,7.95
8/20/2018,7.99
8/21/2018,8
8/22/2018,7.83
8/23/2018,7.19
8/24/2018,7.43
8/27/2018,7.55
8/28/2018,7.28
8/29/2018,7.35
8/30/2018,7.5
8/31/2018,7.31
9/4/2018,7.15
9/5/2018,7.11
9/6/2018,7.16
9/7/2018,7.2
9/10/2018,7.21
9/11/2018,6.9
9/12/2018,6.76
9/13/2018,6.64
9/14/2018,6.09
9/17/2018,5.78
9/18/2018,5.96
9/19/2018,5.92
9/20/2018,6.47
9/21/2018,6.47
9/24/2018,6.55
9/25/2018,6.21
9/26/2018,5.74
9/27/2018,5.81
9/28/2018,5.47
10/1/2018,5.4
10/2/2018,5.4
10/3/2018,5.37
10/4/2018,6
10/5/2018,6.17
10/8/2018,6.13
10/9/2018,6.11
10/10/2018,13.03
10/11/2018,14.88
10/12/2018,15.56
10/15/2018,15.69
10/16/2018,17.23
10/17/2018,17.13
10/18/2018,17.84
10/19/2018,17.64
10/22/2018,17.7
10/23/2018,17.76
10/24/2018,20.81
10/25/2018,21.74
10/26/2018,22.55
10/29/2018,22.67
10/30/2018,23.26
10/31/2018,23.56
11/1/2018,23.84
11/2/2018,23.77
11/5/2018,23.77
11/6/2018,23.87
11/7/2018,24.95
11/8/2018,22.12
11/9/2018,21.15
11/12/2018,21.71
11/13/2018,21.61
11/14/2018,20.49
11/15/2018,20.81
11/16/2018,20.21
11/19/2018,21.03
11/20/2018,21.92
11/21/2018,21.86
11/23/2018,19.11
11/26/2018,18.78
11/27/2018,17.81
11/28/2018,19.34
11/29/2018,18.59
11/30/2018,18.43
12/3/2018,18.45
12/4/2018,21.58
12/6/2018,21.5
12/7/2018,22.9
12/10/2018,21.72
12/11/2018,21.7
12/12/2018,21.55
12/13/2018,20.42
12/14/2018,21.47
12/17/2018,22.52
12/18/2018,22.22
12/19/2018,22.85
12/20/2018,22.77
12/21/2018,23.03
12/24/2018,24.89
12/26/2018,29.93
12/27/2018,29.6
12/28/2018,29.58
12/31/2018,28.66
1/2/2019,28.66
1/3/2019,29.81
1/4/2019,31.8
1/7/2019,29.78
1/8/2019,29.97
1/9/2019,28.87
1/10/2019,28.9
1/11/2019,28.9
1/14/2019,28.9
1/15/2019,29.13
1/16/2019,28.37
1/17/2019,27.55
1/18/2019,27.92
1/22/2019,27.84
1/23/2019,27.3
1/24/2019,26.33
1/25/2019,24.72
1/28/2019,18.37
1/29/2019,18.14
1/30/2019,18.91
1/31/2019,18.91
2/1/2019,18.91
2/4/2019,16.96
2/5/2019,12.39
2/6/2019,12.18
2/7/2019,12.15
2/8/2019,12.07
2/11/2019,11.97
2/12/2019,12.77
2/13/2019,12.68
2/14/2019,12.17
2/15/2019,12.71
2/19/2019,12.45
2/20/2019,11.61
2/21/2019,10.57
2/22/2019,10.78
2/25/2019,10.77
2/26/2019,10.37
2/27/2019,10.01
2/28/2019,10.04
3/1/2019,8.83
3/4/2019,8.43
3/5/2019,8.43
3/6/2019,8.41
3/7/2019,8.72
3/8/2019,8.72
3/11/2019,9.53
3/12/2019,9.58
3/13/2019,9.88
3/14/2019,8.83
3/15/2019,8.93
3/18/2019,8.98
3/19/2019,8.16
3/20/2019,8.21
3/21/2019,9
3/22/2019,11.11
3/25/2019,10.89
3/26/2019,11.16
3/27/2019,11.28
3/28/2019,11.34
3/29/2019,11.54
4/1/2019,11.97
4/2/2019,11.89
4/3/2019,11.91
4/4/2019,11.72
4/5/2019,11.48
4/8/2019,11.46
4/9/2019,10.51
4/10/2019,10.53
4/11/2019,10.25
4/12/2019,10.5
4/15/2019,10.36
4/16/2019,10.28
4/17/2019,10.31
4/18/2019,10.27
4/22/2019,9.57
4/23/2019,7.55
4/24/2019,7.58
4/25/2019,7.16
4/26/2019,7.16
4/29/2019,7.07
4/30/2019,6.68
5/1/2019,5.96
5/2/2019,6.01
5/3/2019,6.83
5/6/2019,6.96
5/7/2019,8.9
5/8/2019,8.91
5/9/2019,8.72
5/10/2019,8.73
5/13/2019,12.16
5/14/2019,12.26
5/15/2019,12.42
5/16/2019,12.79
5/17/2019,12.93
5/20/2019,13.13
5/21/2019,13.45
5/22/2019,13.13
5/23/2019,13.75
5/24/2019,13.76
5/28/2019,13.97
5/29/2019,14.17
5/30/2019,14.19
5/31/2019,14.69
6/3/2019,14.7
6/4/2019,16.09
6/5/2019,16.26
6/6/2019,15.35
6/7/2019,15.76
6/10/2019,15.81
6/11/2019,15.76
6/12/2019,13.31
6/13/2019,13.1
6/14/2019,12.95
6/17/2019,12.59
6/18/2019,12.87
6/19/2019,12.7
6/20/2019,12.78
6/21/2019,12.75
6/24/2019,12.07
6/25/2019,12.5
6/26/2019,12.17
6/27/2019,12
6/28/2019,12.14
7/1/2019,11.54
7/2/2019,11.55
7/3/2019,9.3
7/5/2019,8.88
7/8/2019,8.79
7/9/2019,8.02
7/10/2019,8.01
7/11/2019,8.05
7/12/2019,8.17
7/15/2019,8.05
7/16/2019,8.12
7/17/2019,8.42
7/18/2019,7.82
7/19/2019,8.05
7/22/2019,7.42
7/23/2019,7.78
7/24/2019,7.92
7/25/2019,7.43
7/26/2019,7.84
7/29/2019,7.75
7/30/2019,7.54
7/31/2019,8.01
8/1/2019,8.54
8/2/2019,8.51
8/5/2019,13.48
8/6/2019,14.1
8/7/2019,14.1
8/8/2019,15.42
8/9/2019,15.57
8/12/2019,16.04
8/13/2019,16.83
8/14/2019,19.69
8/15/2019,19.58
8/16/2019,20.16
8/19/2019,20.47
8/20/2019,20.64
8/21/2019,20.7
8/22/2019,20.63
8/23/2019,22.48
8/26/2019,22.65
8/27/2019,22.67
8/28/2019,22.77
8/29/2019,22.87
8/30/2019,22.66
9/3/2019,22.64
9/4/2019,20.42
9/5/2019,20.42
9/6/2019,20.42
9/9/2019,19.38
9/10/2019,19.24
9/11/2019,18.95
9/12/2019,18.28
9/13/2019,15.11
9/16/2019,15.12
9/17/2019,14.32
9/18/2019,13.7
9/19/2019,13.42
9/20/2019,13.22
9/23/2019,13.22
9/24/2019,10.02
9/25/2019,9.52
9/26/2019,9.49
9/27/2019,9.4
9/30/2019,8.51
10/1/2019,9.52
10/2/2019,11.13
10/3/2019,10.84
10/4/2019,11.02
10/7/2019,11.12
10/8/2019,12.38
10/9/2019,12.77
10/10/2019,12.72
10/11/2019,13.23
10/14/2019,13.24
10/15/2019,13.63
10/16/2019,13.62
10/17/2019,13.65
10/18/2019,13.72
10/21/2019,13.82
10/22/2019,13.87
10/23/2019,13.6
10/24/2019,13.45
10/25/2019,13.49
10/28/2019,13.5
10/29/2019,13.39
10/30/2019,12.74
10/31/2019,11.15
11/1/2019,11.31
11/4/2019,10.28
11/5/2019,10.17
11/6/2019,8.6
11/7/2019,8.06
11/8/2019,7.8
11/11/2019,6.86
11/12/2019,6.87
11/13/2019,5.95
11/14/2019,5.92
11/15/2019,6.42
11/18/2019,6.27
11/19/2019,5.81
11/20/2019,5.82
11/21/2019,5.77
11/22/2019,5.78
11/25/2019,6.17
11/26/2019,5.91
11/27/2019,6.08
11/29/2019,6.14
12/2/2019,6.75
12/3/2019,6.31
12/4/2019,6.55
12/5/2019,6.56
12/6/2019,7.27
12/9/2019,7.29
12/10/2019,7.25
12/11/2019,7.29
12/12/2019,7.85
12/13/2019,7.84
12/16/2019,8.22
12/17/2019,7.78
12/18/2019,7.78
12/19/2019,7.92
12/20/2019,8
12/23/2019,7.99
12/24/2019,7.95
12/26/2019,7.72
12/27/2019,7.69
12/30/2019,7.81
12/31/2019,7.75
1/2/2020,7.71
1/3/2020,7.76
1/6/2020,7.54
1/7/2020,7.59
1/8/2020,7.11
1/9/2020,7.39
1/10/2020,7.45
1/13/2020,7.76
1/14/2020,7.19
1/15/2020,7.22
1/16/2020,7.38
1/17/2020,7.5
1/21/2020,7.55
1/22/2020,7.39
1/23/2020,7.2
1/24/2020,7.85
1/27/2020,9.58
1/28/2020,10.04
1/29/2020,10.04
1/30/2020,9.9
1/31/2020,11.63
2/3/2020,11.54
2/4/2020,12.4
2/5/2020,12.93
2/6/2020,12.94
2/7/2020,12.97
2/10/2020,13.01
2/11/2020,12.99
2/12/2020,12.96
2/13/2020,12.96
2/14/2020,12.96
2/18/2020,12.67
2/19/2020,12.71
2/20/2020,12.74
2/21/2020,13.26
2/24/2020,17.75
2/25/2020,20.46
2/26/2020,19.75
2/27/2020,24.96
2/28/2020,25.12
3/2/2020,29.55
3/3/2020,30.53
3/4/2020,33.63
3/5/2020,35.32
3/6/2020,35.61
3/9/2020,44.9
3/10/2020,47.87
3/11/2020,50.85
3/12/2020,61.52
3/13/2020,68.74
3/16/2020,81.74
3/17/2020,84.19
3/18/2020,86.18
3/19/2020,86.18
3/20/2020,87.52
3/23/2020,88.05
3/24/2020,92.62
3/25/2020,92.09
3/26/2020,94.44
3/27/2020,93.89
3/30/2020,94.54
3/31/2020,93.41
4/1/2020,94.19
4/2/2020,93.43
4/3/2020,92.81
4/6/2020,95.56
4/7/2020,91.56
4/8/2020,90.77
4/9/2020,89.24
4/13/2020,82.32
4/14/2020,77.07
4/15/2020,63.59
4/16/2020,60.34
4/17/2020,58.18
4/20/2020,58.49
4/21/2020,57.46
4/22/2020,57.07
4/23/2020,47.87
4/24/2020,47.95
4/27/2020,43.41
4/28/2020,41.8
4/29/2020,41.22
4/30/2020,40.97
5/1/2020,39.13
5/4/2020,38.37
5/5/2020,38.13
5/6/2020,30.09
5/7/2020,30.34
5/8/2020,28.63
5/11/2020,28.19
5/12/2020,28.88
5/13/2020,27.62
5/14/2020,26.81
5/15/2020,26.77
5/18/2020,27.35
5/19/2020,26.88
5/20/2020,25.27
5/21/2020,24.17
5/22/2020,24.19
5/26/2020,24.08
5/27/2020,24.09
5/28/2020,24.03
5/29/2020,22.31
6/1/2020,22.12
6/2/2020,20
6/3/2020,20.49
6/4/2020,20.29
6/5/2020,22.05
6/8/2020,22.08
6/9/2020,21.48
6/10/2020,21.56
6/11/2020,29.25
6/12/2020,28.96
6/15/2020,28.83
6/16/2020,29.53
6/17/2020,27.53
6/18/2020,27.29
6/19/2020,26.75
6/22/2020,26.71
6/23/2020,26.74
6/24/2020,27.92
6/25/2020,27.71
6/26/2020,28.97
6/29/2020,29.36
6/30/2020,29.81
7/1/2020,29.72
7/2/2020,29.39
7/6/2020,29.87
7/7/2020,28.74
7/8/2020,28.57
7/9/2020,28.51
7/10/2020,28.68
7/13/2020,19.75
7/14/2020,19.78
7/15/2020,19.82
7/16/2020,18.75
7/17/2020,18.74
7/20/2020,18.96
7/21/2020,18.87
7/22/2020,18.84
7/23/2020,19.26
7/24/2020,17.13
7/27/2020,16.9
7/28/2020,14.78
7/29/2020,14.54
7/30/2020,13.6
7/31/2020,13.75
8/3/2020,13.88
8/4/2020,12.82
8/5/2020,12.46
8/6/2020,12.36
8/7/2020,12.21
8/10/2020,11.7
8/11/2020,11.57
8/12/2020,11.66
8/13/2020,11.25
8/14/2020,11.19
8/17/2020,11.18
8/18/2020,10.83
8/19/2020,10.92
8/20/2020,10.8
8/21/2020,9.98
8/24/2020,10.34
8/25/2020,10.1
8/26/2020,10.45
8/27/2020,9.55
8/28/2020,9.75
8/31/2020,9.41
9/1/2020,9.44
9/2/2020,10.75
9/3/2020,16.25
9/4/2020,16.34
9/8/2020,19.03
9/9/2020,20.22
9/10/2020,20.95
9/11/2020,20.39
9/14/2020,20.85
9/15/2020,20.93
9/16/2020,20.97
9/17/2020,21.15
9/18/2020,21.46
9/21/2020,21.8
9/22/2020,22.07
9/23/2020,23.33
9/24/2020,23.32
9/25/2020,23.7
9/28/2020,24.33
9/29/2020,24.28
9/30/2020,24.43
10/1/2020,24.36
10/2/2020,24.01
10/5/2020,21.48
10/6/2020,21.84
10/7/2020,20.44
10/8/2020,19.43
10/9/2020,18.68
10/12/2020,19.51
10/13/2020,19.14
10/14/2020,19.19
10/15/2020,19.13
10/16/2020,18.91
10/19/2020,19.36
10/20/2020,19.01
10/21/2020,18.68
10/22/2020,16.82
10/23/2020,16.83
10/26/2020,17.19
10/27/2020,16.3
10/28/2020,20.44
10/29/2020,20.66
10/30/2020,21.01
11/2/2020,21.17
11/3/2020,21.15
11/4/2020,21.92
11/5/2020,22.12
11/6/2020,21.95
11/9/2020,22.11
11/10/2020,21.39
11/11/2020,21.44
11/12/2020,21.59
11/13/2020,22.09
11/16/2020,22.45
11/17/2020,21.78
11/18/2020,22.09
11/19/2020,22.12
11/20/2020,22.17
11/23/2020,22.22
11/24/2020,21.96
11/25/2020,21.95
11/27/2020,18.09
11/30/2020,17.69
12/1/2020,17.61
12/2/2020,17.11
12/3/2020,15.98
12/4/2020,14.41
12/7/2020,12.78
12/8/2020,12.82
12/9/2020,12.48
12/10/2020,12.48
12/11/2020,12.2
12/14/2020,11.79
12/15/2020,11.7
12/16/2020,11.01
12/17/2020,11.07
12/18/2020,10.38
12/21/2020,10.38
12/22/2020,10.13
12/23/2020,9.94
12/24/2020,8.34
12/28/2020,8.85
12/29/2020,8.84
12/30/2020,8.71
12/31/2020,8.11
1/4/2021,9.59
1/5/2021,9.89
1/6/2021,9.61
1/7/2021,10.86
1/8/2021,10.99
1/11/2021,10.87
1/12/2021,10.87
1/13/2021,10.89
1/14/2021,10.86
1/15/2021,10.22
1/19/2021,10.58
1/20/2021,11.44
1/21/2021,11.38
1/22/2021,11.34
1/25/2021,11.39
1/26/2021,11.4
1/27/2021,14.48
1/28/2021,14.56
1/29/2021,16.03
2/1/2021,16.95
2/2/2021,17.47
2/3/2021,16.69
2/4/2021,16.93
2/5/2021,16.87
2/8/2021,16.28
2/9/2021,16.17
2/10/2021,16.01
2/11/2021,16.02
2/12/2021,16.09
2/16/2021,16.03
2/17/2021,15.84
2/18/2021,15.66
2/19/2021,14.93
2/22/2021,15.17
2/23/2021,15.14
2/24/2021,15.58
2/25/2021,17.78
2/26/2021,15.42
3/1/2021,17.11
3/2/2021,15.97
3/3/2021,15.67
3/4/2021,15.63
3/5/2021,17
3/8/2021,16.69
3/9/2021,17.33
3/10/2021,17.27
3/11/2021,17.63
3/12/2021,17.64
3/15/2021,17.77
3/16/2021,17.7
3/17/2021,17.73
3/18/2021,18.46
3/19/2021,18.4
3/22/2021,18.55
3/23/2021,18.54
3/24/2021,18.63
3/25/2021,18.31
3/26/2021,17.15
3/29/2021,17.07
3/30/2021,15.05
3/31/2021,14.83
4/1/2021,14.69
4/5/2021,14.79
4/6/2021,13.19
4/7/2021,13.07
4/8/2021,12.22
4/9/2021,12.33
4/12/2021,11.8
4/13/2021,11.85
4/14/2021,11.72
4/15/2021,12.31
4/16/2021,12.34
4/19/2021,11.36
4/20/2021,11.6
4/21/2021,11.79
4/22/2021,11.93
4/23/2021,12.36
4/26/2021,12.25
4/27/2021,10.83
4/28/2021,10.83
4/29/2021,11.03
4/30/2021,11.24
5/3/2021,10.52
5/4/2021,9.55
5/5/2021,9.55
5/6/2021,9.95
5/7/2021,10.16
5/10/2021,10.46
5/11/2021,10.88
5/12/2021,13.18
5/13/2021,13.75
5/14/2021,14.17
5/17/2021,14.14
5/18/2021,14.33
5/19/2021,14.17
5/20/2021,14.28
5/21/2021,13.92
5/24/2021,13.83
5/25/2021,13.83
5/26/2021,13.85
5/27/2021,13.85
5/28/2021,13.65
6/1/2021,13.42
6/2/2021,13.4
6/3/2021,13.26
6/4/2021,13.6
6/7/2021,13.31
6/8/2021,13.06
6/9/2021,12.56
6/10/2021,12.3
6/11/2021,9.76
6/14/2021,8.84
6/15/2021,7.23
6/16/2021,7.42
6/17/2021,6.8
6/18/2021,8.14
6/21/2021,8.73
6/22/2021,8.9
6/23/2021,8.23
6/24/2021,8.44
6/25/2021,8.49
6/28/2021,8.52
6/29/2021,8.51
6/30/2021,8.53
7/1/2021,8.7
7/2/2021,8.99
7/6/2021,8.49
7/7/2021,8.56
7/8/2021,9.06
7/9/2021,9.84
7/12/2021,9.78
7/13/2021,9.83
7/14/2021,9.82
7/15/2021,9.86
7/16/2021,10.03
7/19/2021,11.46
7/20/2021,11.73
7/21/2021,11.07
7/22/2021,10.95
7/23/2021,11.48
7/26/2021,11.34
7/27/2021,11.4
7/28/2021,11.37
7/29/2021,11.46
7/30/2021,11.6
8/2/2021,11.48
8/3/2021,11.54
8/4/2021,11.63
8/5/2021,11.76
8/6/2021,11.39
8/9/2021,10.71
8/10/2021,10.65
8/11/2021,10.61
8/12/2021,10.65
8/13/2021,10.61
8/16/2021,10.32
8/17/2021,9.04
8/18/2021,8.28
8/19/2021,7.79
8/20/2021,8.25
8/23/2021,8.03
8/24/2021,8.01
8/25/2021,7.88
8/26/2021,8.13
8/27/2021,8.56
8/30/2021,8.48
8/31/2021,8.47
9/1/2021,7.98
9/2/2021,7.88
9/3/2021,7.61
9/7/2021,7.67
9/8/2021,7.68
9/9/2021,7.84
9/10/2021,8.24
9/13/2021,8.22
9/14/2021,8.44
9/15/2021,8.88
9/16/2021,8.55
9/17/2021,8.32
9/20/2021,10.21
9/21/2021,9.82
9/22/2021,9.93
9/23/2021,10.76
9/24/2021,10.74
9/27/2021,10.59
9/28/2021,12.4
9/29/2021,12.32
9/30/2021,12.99
10/1/2021,13.58
10/4/2021,14.28
10/5/2021,14.74
10/6/2021,14.76
10/7/2021,15.03
10/8/2021,14.96
10/11/2021,14.9
10/12/2021,14.91
10/13/2021,14.81
10/14/2021,15.66
10/15/2021,15.86
10/18/2021,15.58
10/19/2021,14.63
10/20/2021,14.69
10/21/2021,14.35
10/22/2021,13.73
10/25/2021,13.82
10/26/2021,13.8
10/27/2021,11.95
10/28/2021,12.41
10/29/2021,11.71
11/1/2021,11.04
11/2/2021,10.15
11/3/2021,9.74
11/4/2021,9.75
11/5/2021,9.4
11/8/2021,9.39
11/9/2021,9.16
11/10/2021,9.56
11/11/2021,9.5
11/12/2021,7.88
11/15/2021,7.45
11/16/2021,7.48
11/17/2021,7.09
11/18/2021,7.07
11/19/2021,7.01
11/22/2021,7.09
11/23/2021,6.92
11/24/2021,6.94
11/26/2021,10.42
11/29/2021,10.85
11/30/2021,12.7
12/1/2021,13.33
12/2/2021,14.14
12/3/2021,14.27
12/6/2021,14.76
12/7/2021,16.33
12/8/2021,16.36
12/9/2021,16.5
12/10/2021,16.58
12/13/2021,16.89
12/14/2021,16.9
12/15/2021,17.81
12/16/2021,18.02
12/17/2021,18.35
12/20/2021,18.74
12/21/2021,19.7
12/22/2021,19.98
12/23/2021,20.09
12/27/2021,20.63
12/28/2021,19.03
12/29/2021,18.49
12/30/2021,17.29
12/31/2021,16.82
1/3/2022,16.24
1/4/2022,15.98
1/5/2022,16.88
1/6/2022,15.32
1/7/2022,15.34
1/10/2022,15.15
1/11/2022,15.12
1/12/2022,14.81
1/13/2022,15.41
1/14/2022,14.35
1/18/2022,15.43
1/19/2022,15.38
1/20/2022,15.35
1/21/2022,15.56
1/24/2022,15.19
1/25/2022,15.62
1/26/2022,14.89
1/27/2022,15
1/28/2022,17.15
1/31/2022,18.31
2/1/2022,18.44
2/2/2022,18.59
2/3/2022,20.46
2/4/2022,19.39
2/7/2022,19.43
2/8/2022,19.59
2/9/2022,20.21
2/10/2022,20.94
2/11/2022,21.95
2/14/2022,21.42
2/15/2022,22.09
2/16/2022,21.14
2/17/2022,22.15
,
,
,
,
,
